# GWCFG,1
# Example runtime configuration for v0.9.0. Names must not contain commas.
# NET,dhcp,ip0,ip1,ip2,ip3,mask0,mask1,mask2,mask3,gw0,gw1,gw2,gw3
NET,0,192,168,103,213,255,255,255,0,192,168,103,254
# RS485,baud,data_bits,parity(0=None 1=Even 2=Odd),stop_bits,timeout_ms,retry
RS485,9600,8,0,1,300,1
# SERVICE,sntp_server,syslog_server,syslog_port,min_level(0=Error 1=Warning),snmp_community,reserved
SERVICE,pool.ntp.org,192.168.103.19,514,1,public,0
# AUTH is normally exported by CFGGET; change password with PASS instead of editing hashes.

# Modbus RTU slave 1 on RS485_0: protocol=1 interface=0 address=1
DEVICE,1,modbus_meter,1,0,1,1500,1,1
# U16 process point with engineering scale 0.1
POINT,1001,1,voltage,1,0.1,0
# Poll FC03 holding register 0, one register, every 1000ms, U16 encoding
POLL,1,1,1001,3,0,1,0,1000,0,1

# CAN device on CANFD_0: protocol=3 interface=1
DEVICE,2,can_sensor,3,1,0,1500,0,1
# F32 point fed from CAN map
POINT,2001,2,temperature,5,0.1,0
# CANMAP,id,device,point,can_id,byte_offset,encoding(U16=2),endian(BIG=0),extended,require_fd,enabled
CANMAP,1,2,2001,0x301,0,2,0,0,1,1

# High alarm: point 2001 >= 80.0, hysteresis 2.0, priority 7
ALARM,1,2001,0,80,2,7,1
# Linkage: if point 2001 > 80 and device 2 is online, send FD CAN 0x302 payload 47 57 00 00 00 01
# RULE,id,point,op,threshold,hysteresis,required_device,action,cooldown_ms,can_id,ext,fd,hex,mb_slave,mb_reg,mb_value,enabled
RULE,1,2001,0,80,2,2,0,5000,0x302,0,1,475700000001,0,0,0,1
